{"results/leaveone/cosine\\no_bert_base": [0.4195862298849641, 0.009732910071704563], "results/leaveone/cosine\\no_error_detect": [0.4153180455741817, 0.01058218605959134], "results/leaveone/cosine\\no_histbert": [0.4214832006897562, 0.009374520097104249], "results/leaveone/cosine\\no_histbert-10": [0.42847828053242726, 0.008148547124172236], "results/leaveone/cosine\\no_histbert-5": [0.4302566906619199, 0.007859695346739505], "results/leaveone/cosine\\no_histbert-full": [0.45539155382541596, 0.004622921058361175], "results/leaveone/cosine\\no_ling_accept": [0.41401387814588714, 0.010853932713560385], "results/leaveone/cosine\\no_ner": [0.4195862298849641, 0.009732910071704563], "results/leaveone/cosine\\no_nli": [0.4187563051578675, 0.009893338668217731], "results/leaveone/cosine\\no_phrase_chunk": [0.43310214686910814, 0.007415773225679941], "results/leaveone/cosine\\no_pos": [0.41294683206819155, 0.011080659904187457], "results/leaveone/cosine\\no_pos_local_finetune": [0.42504002094874155, 0.008732813197675772], "results/leaveone/cosine\\no_read_compre": [0.425632824325239, 0.008629597208470032], "results/leaveone/cosine\\no_sem_tag": [0.412828271392892, 0.011106098302469947], "results/leaveone/cosine\\no_snli": [0.4187563051578675, 0.009893338668217731], "results/leaveone/cosine\\no_sst2": [0.41757069840487243, 0.010126425963095072], "results/leaveone/cosine\\no_sst2_hously": [0.42183888271565473, 0.009308590522420829], "results/leaveone/cosine\\no_sst2_local_finetune": [0.42693699175353367, 0.008406185815745206], "results/leaveone/cosine\\no_sst2_pfeiffer": [0.4105756185622013, 0.011598935098453375], "results/leaveone/cosine\\no_sst_hously": [0.42183888271565473, 0.009308590522420829], "results/leaveone/cosine\\no_sst_pfeiffer": [0.4105756185622013, 0.011598935098453375], "results/leaveone/cosine\\no_textual_sim": [0.42847828053242726, 0.008148547124172236]}