{"results/leaveone/distance\\no_bert_base": [0.6050151260533969, 7.28824436571296e-05], "results/leaveone/distance\\no_error_detect": [0.6041852013263004, 7.501832328176584e-05], "results/leaveone/distance\\no_histbert": [0.6091647496888797, 6.300466233575914e-05], "results/leaveone/distance\\no_histbert-10": [0.6156855868303528, 4.990770499191495e-05], "results/leaveone/distance\\no_histbert-5": [0.6229177880236229, 3.83049092660707e-05], "results/leaveone/distance\\no_histbert-full": [0.6162783902068504, 4.8848956116313737e-05], "results/leaveone/distance\\no_ling_accept": [0.6019325484956096, 8.110377980638937e-05], "results/leaveone/distance\\no_ner": [0.6133143733243626, 5.4353705714215784e-05], "results/leaveone/distance\\no_nli": [0.6131958126490631, 5.458513563007655e-05], "results/leaveone/distance\\no_phrase_chunk": [0.642480299448042, 1.8094525495541694e-05], "results/leaveone/distance\\no_pos": [0.637856433111361, 2.170546153077756e-05], "results/leaveone/distance\\no_pos_local_finetune": [0.6136700553502611, 5.3664734688772655e-05], "results/leaveone/distance\\no_read_compre": [0.5982571675613249, 9.199500899461471e-05], "results/leaveone/distance\\no_sem_tag": [0.6393977218902547, 2.0434902642439093e-05], "results/leaveone/distance\\no_snli": [0.6141442980514592, 5.2758404317566174e-05], "results/leaveone/distance\\no_sst2": [0.6024067911968077, 7.97867909513609e-05], "results/leaveone/distance\\no_sst2_hously": [0.6035923979498028, 7.657840138690041e-05], "results/leaveone/distance\\no_sst2_local_finetune": [0.6403462072926508, 1.9687034387486517e-05], "results/leaveone/distance\\no_sst2_pfeiffer": [0.6041852013263004, 7.501832328176584e-05], "results/leaveone/distance\\no_sst_hously": [0.6131958126490631, 5.458513563007655e-05], "results/leaveone/distance\\no_sst_pfeiffer": [0.6131958126490631, 5.458513563007655e-05], "results/leaveone/distance\\no_textual_sim": [0.606200732806392, 6.992645854075668e-05]}