{"results/leaveone/jsd\\no_bert_base": [0.2889323657049046, 0.08284847909825326], "results/leaveone/jsd\\no_error_detect": [0.27648349479845613, 0.09761456579835756], "results/leaveone/jsd\\no_histbert": [0.29675737027467225, 0.07449357129375916], "results/leaveone/jsd\\no_histbert-10": [0.30968048388231884, 0.06215255890493992], "results/leaveone/jsd\\no_histbert-5": [0.28347857464112713, 0.08908846955505344], "results/leaveone/jsd\\no_histbert-full": [0.27861758695384725, 0.09494984325655345], "results/leaveone/jsd\\no_ling_accept": [0.2862054701730159, 0.08592471578629912], "results/leaveone/jsd\\no_ner": [0.27328235656536937, 0.10171831850227055], "results/leaveone/jsd\\no_phrase_chunk": [0.318572534529782, 0.054644297264076935], "results/leaveone/jsd\\no_pos": [0.3131187434660045, 0.05915810632264444], "results/leaveone/jsd\\no_pos_local_finetune": [0.2922520646132909, 0.0792194803867777], "results/leaveone/jsd\\no_read_compre": [0.2943861567686821, 0.07695264246281568], "results/leaveone/jsd\\no_sem_tag": [0.30007706918305854, 0.07115451791573933], "results/leaveone/jsd\\no_snli": [0.29023653313319925, 0.08140774159471487], "results/leaveone/jsd\\no_sst2": [0.29782441635236784, 0.07340721879797729], "results/leaveone/jsd\\no_sst2_hously": [0.281107361135137, 0.09191183978300849], "results/leaveone/jsd\\no_sst2_local_finetune": [0.31394866819310113, 0.058452748571904974], "results/leaveone/jsd\\no_sst2_pfeiffer": [0.26865849022868854, 0.10787614591632562], "results/leaveone/jsd\\no_textual_sim": [0.2800403150574414, 0.09320456389285689]}